Date,Close/Last,Volume,Open,High,Low
01/13/2023,58.68,4041164,58,58.775,57.79
01/12/2023,58.52,7305984,57.96,58.798,57.5
01/11/2023,57.58,8926294,57.31,57.89,57.02
01/10/2023,56.47,6611676,55.41,56.58,55.3
01/09/2023,55.28,6510932,55.04,56.19,54.82
01/06/2023,55.02,6100724,53.64,55.235,53.32
01/05/2023,52.91,4803038,52.02,52.98,51.52
01/04/2023,52.33,4527851,51.66,52.505,51.4
01/03/2023,51.04,3962601,50.6,51.15,50.31
12/30/2022,50.39,2700277,50.26,50.531,49.98
12/29/2022,50.65,2743492,50.07,50.8022,50
12/28/2022,49.99,3340288,51.17,51.35,49.905
12/27/2022,51.19,3094558,50.91,51.22,50.75
12/23/2022,50.86,2634437,50.2,50.9112,49.95
12/22/2022,50.17,3342660,50.16,50.25,49.145
12/21/2022,50.67,3840494,50.16,50.93,50.07
12/20/2022,49.66,4003416,49.35,50.005,49.35
12/19/2022,49.33,4674694,49.81,50.315,48.76
12/16/2022,49.8,8969096,49.22,49.97,48.88
12/15/2022,49.53,6190299,50.46,50.5615,49.36
12/14/2022,51.36,4064268,51.5,52.0477,50.97
12/13/2022,51.56,4884133,52.5,52.83,51.295
12/12/2022,51.11,5208241,50.32,51.13,49.84
12/09/2022,50.2,3807000,50.51,51.4,50.12
12/08/2022,50.56,3815898,51.18,51.43,50.31
12/07/2022,50.7,4248704,50.82,51.3393,50.255
12/06/2022,51.05,4373389,51.45,51.865,50.57
12/05/2022,51.25,5109972,51.46,51.94,50.99
12/02/2022,51.55,4858349,50.47,51.7,50.43
12/01/2022,51.07,4757348,51.25,51.5103,50.8
11/30/2022,50.97,7194164,50.52,50.97,49.3779
11/29/2022,50.65,4905048,50.25,50.825,49.88
11/28/2022,50.2,5658665,50.85,51.155,49.94
11/25/2022,51.56,1648145,51.5,51.82,51.42
11/23/2022,51.55,3354772,51.29,51.74,51.14
11/22/2022,51.57,4495575,50.99,51.78,50.87
11/21/2022,50.17,5719820,49.44,50.67,48.58
11/18/2022,50.07,3751561,50.49,50.52,49.36
11/17/2022,50.13,3620352,49.65,50.15,49.19
11/16/2022,50.51,4294851,51.15,51.22,50.215
11/15/2022,51.6,4445738,52.41,52.7,51.14
11/14/2022,51.95,5484386,52.47,52.895,51.86
11/11/2022,53.14,9009788,51,53.44,50.9
11/10/2022,49.96,6591988,49.45,50.02,49.12
11/09/2022,47.68,5089935,49.35,49.39,47.57
11/08/2022,49.65,4739656,49.89,50.35,49.45
11/07/2022,49.5,5848974,48.99,49.53,48.31
11/04/2022,49.03,10593270,48.27,49.88,48.13
11/03/2022,46.49,5122343,46.27,46.97,45.97
11/02/2022,46.93,7313946,46.86,48.62,46.775
11/01/2022,46.93,4892382,47.42,47.57,46.75
10/31/2022,46.74,6434024,47.48,47.8215,46.625
10/28/2022,47.48,6943166,47.2,47.77,46.81
10/27/2022,47.62,4524379,48.12,48.485,47.47
10/26/2022,47.99,6021020,48,48.55,47.89
10/25/2022,47.85,5202539,46.71,47.94,46.535
10/24/2022,47.04,5645709,46.89,47.31,46.33
10/21/2022,46.87,7483602,45.02,46.92,44.95
10/20/2022,44.93,9259900,45.39,47.63,44.9
10/19/2022,45.13,8371466,46.24,46.6,45.09
10/18/2022,46.38,8009127,46.28,46.94,45.375
10/17/2022,45.26,6195320,45.91,46.07,44.995
10/14/2022,45.12,5889170,46.29,46.4,44.735
10/13/2022,45.92,8304877,43,46.5,42.91
10/12/2022,43.81,4982535,43.94,44.2297,43.54
10/11/2022,43.95,5222747,44.28,44.79,43.42
10/10/2022,44.88,4686103,44.98,45.44,44.56
10/07/2022,44.41,5265099,45.05,45.44,44.2
10/06/2022,45.52,5430693,45.7,46.1,45.315
10/05/2022,46.06,5564652,45.92,46.44,45.51
10/04/2022,46.62,6959794,45.8,46.73,45.625
10/03/2022,45.28,6868743,44.94,45.74,44.45
09/30/2022,43.93,5869756,44.17,44.84,43.8
09/29/2022,44.16,4905664,44.5,44.69,43.49
09/28/2022,45.05,8315425,44.08,45.51,43.91
09/27/2022,43.79,5444885,43.94,44.17,43.2747
09/26/2022,43.39,5497614,43.52,44.26,43.16
09/23/2022,43.9,6729595,44,44.2,43.04
09/22/2022,44.77,4652927,45.28,45.55,44.75
09/21/2022,44.98,5819128,46.42,46.59,44.97
09/20/2022,46.09,4996045,45.95,46.28,45.37
09/19/2022,46.74,4900427,45.64,46.88,45.47
09/16/2022,46.42,10058990,46.01,46.8,45.41
09/15/2022,46.91,6535487,47.1,47.76,46.69
09/14/2022,47.07,11484350,47.61,47.87,46.38
09/13/2022,47.87,9104318,48.75,49.62,47.555
09/12/2022,50.93,5042809,51.29,51.79,50.8
09/09/2022,50.51,6265662,50.23,50.715,50.02
09/08/2022,49.4,5964055,48.49,49.51,47.95
09/07/2022,48.97,6517456,48.34,49.245,48.03
09/06/2022,48.59,8104844,49.9,50.08,48.34
09/02/2022,49.31,5125300,50.53,50.76,48.905
09/01/2022,49.96,6378525,50.46,50.49,49.14
08/31/2022,51,6069609,51.24,51.64,50.58
08/30/2022,51.38,7452178,52.83,52.96,51.26
08/29/2022,53.57,9304869,53,54.01,52.54
08/26/2022,54.46,5777736,55.98,56.37,54.26
08/25/2022,55.76,5736180,54.83,55.79,54.757
08/24/2022,54.24,6957246,55.5,55.64,54.08
08/23/2022,55.62,3894509,54.66,55.76,54.53
08/22/2022,54.41,6342710,54.49,54.6977,53.9
08/19/2022,55.49,3517928,55.68,55.92,55.15
08/18/2022,56.02,3561483,55.72,56.225,55.42
08/17/2022,55.46,4197959,55.52,55.91,55.01
08/16/2022,56.11,3925907,55.36,56.425,55.34
08/15/2022,55.34,5991740,55.48,55.5,54.86
08/12/2022,55.93,4389097,55.33,55.94,55.31
08/11/2022,55.26,5066165,54.76,55.72,54.76
08/10/2022,54.04,5998593,53.85,54.655,53.81
08/09/2022,52.72,4338954,52.15,52.85,52.11
08/08/2022,52.15,4511550,51.88,52.76,51.8
08/05/2022,51.49,5954500,50.77,51.77,50.73
08/04/2022,50.99,6963729,51.31,51.7,50.86
08/03/2022,51.49,5139265,52,52,51.3357
08/02/2022,51.55,5797806,52.3,52.67,51.54
08/01/2022,52.46,5913393,52.58,52.6,51.43
07/29/2022,53.21,9754287,52.76,53.795,52.47
07/28/2022,52.3,6137925,52.45,52.91,51.76
07/27/2022,52.24,4327987,51.44,52.4786,51.21
07/26/2022,51.3,4130858,51.17,51.8,50.95
07/25/2022,51.58,5933231,51.17,51.97,51.03
07/22/2022,50.85,5074833,51.5,51.81,50.44
07/21/2022,51.4,10059730,50.57,51.44,49.95
07/20/2022,52.55,5977727,52.45,52.67,51.81
07/19/2022,52.45,6999396,51.15,52.81,51.08
07/18/2022,50.47,4839000,50.42,51.05,50.2
07/15/2022,49.55,4810114,49.73,50.24,49.17
07/14/2022,48.9,4969513,48.74,49.07,48.27
07/13/2022,49.67,6071487,50,50.21,49.03
07/12/2022,50.42,6068243,50.89,51.565,50.25
07/11/2022,51.01,3919776,50.74,51.35,50.51
07/08/2022,51.38,4226891,52.43,52.88,51.305
07/07/2022,52.28,5507764,52.14,52.81,51.74
07/06/2022,51.18,5657033,50.62,51.25,50.035
07/05/2022,50.73,5892037,50.77,50.82,49.355
07/01/2022,51.69,5255114,50.91,52.04,49.9
06/30/2022,51.61,5847983,51.16,52.14,50.85
06/29/2022,51.98,4392792,52.71,53.01,51.28
06/28/2022,52.53,5169647,52.8,54.15,52.345
06/27/2022,52.22,7507333,52.9,53.3,51.97
06/24/2022,53.14,9108956,51.51,53.8,51.19
06/23/2022,51.06,9661964,52.25,52.6499,50.42
06/22/2022,52.34,10386780,52.3,52.79,51.57
06/21/2022,54.95,6391653,56.34,56.69,54.91
06/17/2022,54.77,12735780,55.16,55.96,53.97
06/16/2022,55.42,7641766,55.67,55.97,54.65
06/15/2022,57.41,6387882,59.02,59.66,56.765
06/14/2022,58.56,7128918,58.28,59.13,57.4601
06/13/2022,58.68,8509252,60.49,60.58,57.97
06/10/2022,61.87,6454897,65.01,65.08,61.86
06/09/2022,65.86,3113574,66.9,67.015,65.81
06/08/2022,67.24,3200919,67.06,67.81,66.85
06/07/2022,67.37,4874038,66.76,67.46,66.42
06/06/2022,67.07,3117322,67.04,67.61,66.67
06/03/2022,67.03,4966757,67.59,68.1599,66.68
06/02/2022,68.1,4605703,68.43,68.97,67.1
06/01/2022,68.11,5958108,68.65,69.788,67.995
05/31/2022,67.98,7876019,68.64,68.7504,67.615
05/27/2022,69.06,4784297,67.59,69.07,67.32
05/26/2022,67.84,5732847,67.17,68.29,66.91
05/25/2022,67.3,6265070,66.71,67.68,66.4
05/24/2022,67.07,4664360,67.2,67.39,65.47
05/23/2022,67.49,6582289,67.8,68.13,66.84
05/20/2022,68.11,5232192,68.88,69.73,66.87
05/19/2022,68.76,4988376,68.31,69.57,67.8
05/18/2022,68.91,4623909,69.41,70.38,68.495
05/17/2022,69.97,4502627,69.61,70.2914,68.9
05/16/2022,67.98,4028344,67.31,68.5955,66.68
05/13/2022,67.56,3924502,67.5,68.32,67.26
05/12/2022,67.04,6035696,66.53,67.39,65.665
05/11/2022,66.79,5683317,66.4,68.5,65.82
05/10/2022,65.81,7885807,67.43,67.85,65.28
05/09/2022,66.63,7266931,66.84,67.81,66.47
05/06/2022,67.93,5807753,68.07,68.37,66.65
05/05/2022,68.47,6530571,70.26,70.36,67.53
05/04/2022,70.61,5589753,68.82,70.78,68.43
05/03/2022,68.15,4599474,67.12,68.33,67.06
05/02/2022,67.06,7250151,67.15,67.31,65.81
04/29/2022,66.5,6499774,68.12,68.715,66.31
04/28/2022,67.81,5533819,68.04,68.04,66.11
04/27/2022,67.45,5412343,68.12,68.33,67.051
04/26/2022,67.37,6612794,68.24,68.98,67.35
04/25/2022,68.07,7252142,67.41,68.34,65.53
04/22/2022,68.5,7439380,70.07,71.23,68.24
04/21/2022,69.51,10282450,69,71.86,68.89
04/20/2022,67.54,5021474,67.07,68.17,67.04
04/19/2022,67.05,5292467,66.03,67.35,65.91
04/18/2022,65.88,4959149,65.49,66.48,65.3
04/14/2022,65.49,7000362,64.49,66,64.39
04/13/2022,64.16,3465594,63.49,64.23,63.22
04/12/2022,63.26,4137275,62.51,63.75,62.29
04/11/2022,61.95,2760390,61.35,62.62,61.15
04/08/2022,61.68,3913900,61.77,62.28,61.32
04/07/2022,61.25,4644847,61.8,61.8,60.03
04/06/2022,61.67,4977031,63.21,63.29,61.29
04/05/2022,63.49,3432473,64,64.64,63.41
04/04/2022,64.01,3650011,64.51,64.51,63.32
04/01/2022,64.18,3317188,64.29,64.93,63.44
03/31/2022,63.72,4302089,64.15,64.785,63.71
03/30/2022,64.26,3145899,64.48,64.94,64.03
03/29/2022,64.19,4225668,63.95,64.32,62.82
03/28/2022,64.11,3879358,64.3,64.55,63.04
03/25/2022,64.7,3963533,64.09,64.73,63.84
03/24/2022,64.09,3611574,63.76,64.2,63.41
03/23/2022,63.3,2936341,63.4,63.84,63.0201
03/22/2022,63.55,5136726,64,64.53,63.24
03/21/2022,63.34,4836460,63.12,63.72,62.53
03/18/2022,62.39,9510933,62.23,63.43,61.805
03/17/2022,62.84,9420575,59.38,62.88,59.14
03/16/2022,59.64,6154914,59.16,60.15,58.72
03/15/2022,58.87,8354434,59.87,60.265,57.62
03/14/2022,60.28,5836192,61.37,62.03,59.77
03/11/2022,60.91,6140222,61.06,62.49,60.87
03/10/2022,60.63,5420965,59.24,61.04,59.23
03/09/2022,59.8,7484736,59.25,60.9,58.94
03/08/2022,57.84,6583613,58.11,59.22,57.62
03/07/2022,57.98,6987756,58.75,59.11,57.645
03/04/2022,58.83,5870803,58.4,58.875,57.83
03/03/2022,59.67,4514837,59.29,59.94,58.7401
03/02/2022,59.2,6499750,57.55,59.79,57.51
03/01/2022,57.13,7668079,59.12,59.305,56.27
02/28/2022,58.96,6438344,58.32,59.18,58.01
02/25/2022,59.65,5445243,58.42,60.145,58.32
02/24/2022,58.72,8108464,58.89,58.97,57.52
02/23/2022,59.97,5155144,60.87,61.19,59.875
02/22/2022,60.3,5663976,60.92,61.04,59.94
02/18/2022,60.59,5078896,60.75,61.32,60.19
02/17/2022,61.17,3927767,61.36,62.105,60.625
02/16/2022,62.08,5613614,61.65,62.91,61.62
02/15/2022,61.86,4076888,60.82,62.01,60.71
02/14/2022,60.83,4471998,61.1,61.37,60.125
02/11/2022,61.09,6042091,60.8,61.91,60.35
02/10/2022,60.95,6537194,61.89,62.46,60.71
02/09/2022,61.99,5515879,61.49,62.23,61.25
02/08/2022,61.09,5595518,60.38,61.17,60.38
02/07/2022,59.91,6214368,60.93,61.1,59.73
02/04/2022,60.6,4995139,61.2,61.72,60.54
02/03/2022,61.21,5363825,61.5,62.445,61.155
02/02/2022,61.66,5463397,61.71,62.49,61.12
02/01/2022,61.81,6659399,59.8,61.99,59.7
01/31/2022,59.73,8056096,59.5,60.05,58.28
01/28/2022,60.04,6971881,60.71,61.1,59.07
01/27/2022,60.18,11666350,58.74,61.29,58.74
01/26/2022,57.22,6126011,57.43,58.25,56.65
01/25/2022,57.18,5644149,55.89,57.46,54.6393
01/24/2022,56.62,8873378,55.7,56.82,54.6
01/21/2022,56.72,6189453,57.68,57.77,56.54
01/20/2022,57.81,5765667,59.9,60.05,57.77
01/19/2022,59.84,4351087,60.76,60.92,59.39
01/18/2022,60.2,4799580,60.76,61.1486,59.57
01/14/2022,60.74,6795305,59.71,60.83,59.29
01/13/2022,59.94,4482598,59.3,60.2266,59.2074
01/12/2022,59.26,3742360,59.515,60.14,58.89
01/11/2022,59.18,5720389,59.05,59.47,58.41
01/10/2022,58.4,5544298,58.84,59.3,57.985
01/07/2022,59.1,4633224,58.63,59.515,58.43
01/06/2022,58.24,5820763,58.49,58.86,57.24
01/05/2022,58.35,6706303,58.79,59.59,58.315
01/04/2022,58.41,9067952,57.25,58.7,57.1
01/03/2022,56.87,5235781,57.2,57.9,56.79
12/31/2021,56.72,3093869,56.84,56.9905,56.295
12/30/2021,56.78,3678731,57.2,57.83,56.725
12/29/2021,57.06,3580902,56.67,57.11,56.56
12/28/2021,56.63,4749871,56.01,57,55.91
12/27/2021,55.87,3249034,55.31,55.89,55.17
12/23/2021,55.14,6240414,54.5,55.7032,54.35
12/22/2021,54.23,3729561,54.12,54.38,53.64
12/21/2021,54.2,4421997,54.17,54.81,53.9
12/20/2021,53.51,6250974,53.1,53.59,52.47
12/17/2021,54.1,10400000,54.53,54.665,53.38
12/16/2021,54.6,5605880,54.43,55.36,54.27
12/15/2021,54.04,4955167,53.79,54.07,52.8597
12/14/2021,53.88,4048860,53.25,54.5,53.1377
12/13/2021,53.32,5398761,54.46,54.65,53.0671
12/10/2021,54.68,3628582,55.15,55.26,54.285
12/09/2021,54.39,5607722,54.24,54.58,53.725
12/08/2021,54.91,5013675,55.31,55.48,54.78
12/07/2021,54.86,5806937,54.45,55.38,54.27
12/06/2021,53.88,6066355,54.36,54.7184,53.84
12/03/2021,53.07,6969330,53,53.8199,52.73
12/02/2021,53.18,7333262,52.5,53.475,52.07
12/01/2021,52.76,9123937,55.49,55.8,52.7
11/30/2021,54.93,10398190,56.26,56.49,54.41
11/29/2021,56.86,4564444,57.9,58.38,56.38
11/26/2021,57.6,4317492,56.64,57.77,55.98
11/24/2021,58.63,3307108,58.9,59.37,58.59
11/23/2021,59.18,5280023,59.34,59.72,58.83
11/22/2021,58.79,5310320,57.56,59.29,57.41
11/19/2021,57.34,7425308,57.45,57.52,56.03
11/18/2021,57.98,3801860,58.35,58.37,57.67
11/17/2021,58.34,3342386,58.68,58.98,58.17
11/16/2021,58.86,4004669,59.97,59.99,58.84
11/15/2021,59.92,3470443,60.5,60.82,59.78
11/12/2021,60.06,3499439,59.79,60.55,59.46
11/11/2021,59.68,4140414,59.08,59.98,59.02
11/10/2021,58.76,5104029,58.84,59.29,58.49
11/09/2021,58.79,4447809,58.54,59.12,58.395
11/08/2021,58.57,4894141,58.93,59.68,58.295
11/05/2021,58.31,4979097,57.24,58.745,57.24
11/04/2021,57.17,9047906,59,59.015,56.795
11/03/2021,59.05,6234335,58.49,59.585,58.09
11/02/2021,58.47,5929491,57.64,58.74,57.24
11/01/2021,57.44,7561994,56.01,57.98,56.01
10/29/2021,55.97,5894889,56.13,56.65,55.66
10/28/2021,56.57,5974358,56.25,56.86,56.21
10/27/2021,56,11512730,58.58,58.58,55.9
10/26/2021,58.71,6875227,58.71,59.76,58.1801
10/25/2021,58.71,6293204,59.24,59.535,58.61
10/22/2021,58.4,5889477,59.64,60.19,58.38
10/21/2021,59.26,8916567,60.07,61.17,57.96
10/20/2021,59.89,5875321,59.16,60.6075,58.9412
10/19/2021,59.19,3650874,59.09,59.27,58.54
10/18/2021,58.95,4660432,57.7,59.39,57.6
10/15/2021,58.96,4288162,59.47,59.73,58.84
10/14/2021,58.74,6430634,57.43,58.78,57.14
10/13/2021,56.91,7691227,57.92,58.05,56.65
10/12/2021,57.74,5443834,58.02,58.37,57.5
10/11/2021,58.23,4139030,59.25,59.78,58.21
10/08/2021,58.71,4260182,58.81,59.29,58.4
10/07/2021,58.51,7235870,57.89,59.47,57.79
10/06/2021,57.16,8699078,58.36,58.57,56.3
10/05/2021,59.1,5646408,58.26,59.445,58.1
10/04/2021,58.24,5652962,58.58,59,57.68
10/01/2021,58.58,6925256,57.67,59.01,57.25
09/30/2021,57.56,4929915,58.92,59.17,57.55
09/29/2021,58.82,4578945,59.46,59.6,58.77
09/28/2021,59.46,6681760,60.15,60.645,59.14
09/27/2021,59.69,12373980,56.88,60.38,56.88
09/24/2021,56.81,7964986,57.2,57.34,56.74
09/23/2021,57.43,7814123,56.77,58.045,56.6
09/22/2021,56.3,6823824,56.26,56.98,56.255
09/21/2021,55.53,6156370,56.59,56.86,55.21
09/20/2021,56.18,7683867,56.26,57.1304,55.31
09/17/2021,57.75,9625499,58.8,59.17,57.47
09/16/2021,59.47,4650841,60.14,60.32,59.07
09/15/2021,60.2,5167759,59.75,60.67,59.67
09/14/2021,59.65,4493572,61.24,61.3,59.5224
09/13/2021,60.72,4549217,61.27,61.59,60.215
09/10/2021,60.41,4093257,60.85,61.44,60.34
09/09/2021,60.28,4439095,60.25,61.19,60.07
09/08/2021,60.69,4628973,61.83,62.11,60.51
09/07/2021,61.87,2514731,61.98,62.3,61.64
09/03/2021,62.12,3690597,62.45,62.825,61.67
09/02/2021,62.62,3414738,62.76,63.36,62.42
09/01/2021,62.54,3949213,62.83,63,61.81
08/31/2021,62.9,5449999,63.7,63.88,62.69
08/30/2021,63.98,3925138,65,65.3275,63.95
08/27/2021,65.38,5348664,64.19,65.855,64.12
08/26/2021,63.65,3618463,63.84,64.56,63.47
08/25/2021,63.87,3246877,63.3,64.18,62.82
08/24/2021,63.26,2896124,62.46,63.53,62.46
08/23/2021,62.06,3440001,61.5,62.42,61.46
08/20/2021,60.89,3203679,60.41,61.11,60.32
08/19/2021,60.55,3981572,61.04,61.39,60.15
08/18/2021,61.88,4573993,61.91,62.83,61.71
08/17/2021,62.31,3974459,62.69,62.875,61.14
08/16/2021,63.32,3163519,63.2,63.595,62.14
08/13/2021,63.69,2385569,63.97,64.1,63.35
08/12/2021,64.01,3581677,64.36,64.62,63.3032
08/11/2021,64.24,3583605,63.42,64.3,63.22
08/10/2021,63.12,3559953,62.02,63.57,61.94
08/09/2021,61.82,3178247,61.72,62.225,61.36
08/06/2021,62,3142752,61.61,62.37,61.55
08/05/2021,61,3037315,61.29,61.8,60.9
08/04/2021,60.99,3340099,61.74,62.2,60.98
08/03/2021,62.23,4819652,61.15,62.27,60.155
08/02/2021,61.22,3714490,62.3,63.59,61.19
07/30/2021,62.16,4646993,62.49,63.225,61.665
07/29/2021,62.6,3708591,62.44,62.93,62.01
07/28/2021,61.87,4113699,61.83,62.3,61.06
07/27/2021,61.95,3568528,61.51,62.42,60.86
07/26/2021,62.01,6534277,60.2,62.04,60.2
07/23/2021,60.11,4690527,60.84,61.28,59.8
07/22/2021,60.48,7111276,58.56,60.89,58
07/21/2021,59.73,7428270,59.52,60.05,59.055
07/20/2021,58.62,6771667,58.14,59.19,57.6281
07/19/2021,57.79,7815369,58.14,58.48,57.055
07/16/2021,60.01,6961324,61.3,61.72,59.8
07/15/2021,61.91,2745836,61.8,62.72,61.69
07/14/2021,62.32,2571796,62.94,63.645,62.17
07/13/2021,62.7,3074497,63.42,63.69,62.32
07/12/2021,63.22,3100367,62.56,63.6,61.975
07/09/2021,63.08,5063232,62.23,63.67,62.1
07/08/2021,61.41,4251323,61,62.02,60.65
07/07/2021,62.25,3424426,61.7,62.49,61.0937
07/06/2021,61.93,3727013,63.4,63.45,61.405
07/02/2021,63.51,3173209,63.33,63.77,62.8
07/01/2021,63.5,3324926,64.22,64.42,63.42
06/30/2021,63.28,3356526,62.85,63.62,62.75
06/29/2021,62.98,2653142,63.28,63.81,62.58
06/28/2021,62.9,2727034,63.3,63.3,62.17
06/25/2021,63.29,4259730,63.25,63.8698,63.11
06/24/2021,63.11,4253923,63.78,63.83,62.76
06/23/2021,63.15,3254512,64,64.27,63.1
06/22/2021,63.5,4019107,63.46,63.82,62.68
06/21/2021,63.11,5260165,63.14,63.9485,62.79
06/18/2021,61.98,8745303,62.55,63.05,61.88
06/17/2021,63.54,5696094,65.77,65.8,62.33
06/16/2021,65.59,5428753,67.01,67.12,65.2
06/15/2021,67.22,3255199,66.91,67.425,66.44
06/14/2021,66.96,3712815,67.83,68.18,66.63
06/11/2021,68,2726116,68.47,69.02,67.84
06/10/2021,67.99,4022011,69.99,70.17,67.95
06/09/2021,68.84,3379374,69.25,69.51,68.47
06/08/2021,69.38,3469512,69.02,69.72,68.31
06/07/2021,69.24,2804113,70.37,70.47,68.89
06/04/2021,70.37,3041943,71,71.1403,69.88
06/03/2021,70.61,4322464,69.35,70.7,68.441
06/02/2021,68.95,4797772,70.32,70.32,68.86
06/01/2021,70.41,4139082,69.17,70.53,68.85
05/28/2021,68.42,3815179,69.08,69.17,67.71
05/27/2021,68.66,6256635,69.32,69.96,68.24
05/26/2021,69.57,6059237,68.83,69.64,68.21
05/25/2021,69.04,4419444,69.46,70.45,68.96
05/24/2021,69.55,3420090,69.59,70.01,69.095
05/21/2021,68.83,3855720,68.68,69.6,68.55
05/20/2021,68.26,3126454,68.46,68.72,67.86
05/19/2021,68.55,4398488,68.5,68.91,67.27
05/18/2021,69.53,3523761,71,71.38,69.51
05/17/2021,70.91,3606679,69.58,71.08,69.47
05/14/2021,69.83,4817174,68.5,70.04,68.37
05/13/2021,68.08,3068440,67.46,68.6,67.32
05/12/2021,67.6,4886215,68.75,69.1,67.4
05/11/2021,68.57,5693429,67.84,68.9,67.2
05/10/2021,68.73,5038957,69.75,70.6,68.66
05/07/2021,69.04,5174923,68.35,69.32,67.78
05/06/2021,69.04,4670553,68.02,69.09,67.17
05/05/2021,68.07,4853957,66.49,68.235,66.14
05/04/2021,66.22,7367207,64.25,66.27,63.8
05/03/2021,64.55,6328101,63.18,65.035,63.12
04/30/2021,62.5,4932315,63.45,63.71,62.3
04/29/2021,64.06,4366020,63.82,64.69,63.435
04/28/2021,63.31,5584337,63.03,64.065,62.7
04/27/2021,62.65,3781310,62.27,62.85,61.7199
04/26/2021,62.2,4871606,62.36,62.82,61.93
04/23/2021,62.11,5683494,61.1,62.49,60.45
04/22/2021,60.93,12028870,64,64.05,60.72
04/21/2021,64.82,4283535,62.46,65.02,62.375
04/20/2021,62.48,4532442,64,64.05,62.28
04/19/2021,64.55,2566584,64.8,65.0399,63.94
04/16/2021,64.68,3698844,65.27,65.51,64.26
04/15/2021,64.57,2632733,64.88,64.92,63.8
04/14/2021,64.24,4234458,63.59,64.78,63.36
04/13/2021,63.31,4471855,63.59,63.68,62.45
04/12/2021,63.79,3143842,63.6,64.1499,63.3
04/09/2021,63.14,3720978,63.19,63.56,62.54
04/08/2021,63.19,3639017,63.86,64.03,62.62
04/07/2021,63.99,2374009,64.49,64.97,63.66
04/06/2021,64.6,3420312,64.24,65.39,64.13
04/05/2021,64.59,4077851,65,65.22,64.25
04/01/2021,64.6,3698904,63.95,64.72,63.48
03/31/2021,63.94,3643785,64.27,64.96,63.51
03/30/2021,64.61,2605114,63.72,64.79,63.48
03/29/2021,63.9,3193807,63.62,65.12,63.5
03/26/2021,63.99,4256347,63.39,64.14,63.09
03/25/2021,63.24,3921150,61.47,63.31,61.25
03/24/2021,62.04,4322624,61.6,63.42,61.4027
03/23/2021,60.75,5523475,62.67,62.6882,60.4
03/22/2021,63.51,4631116,63.8,63.8,62.4
03/19/2021,63.91,6445771,64.72,64.8,62.66
03/18/2021,64.72,4206432,66.06,67.27,64.63
03/17/2021,66.01,5138887,63.48,66.25,63.18
03/16/2021,63.18,6461643,62.69,63.83,61.86
03/15/2021,62.9,5361393,64.07,64.29,62.45
03/12/2021,64.34,2690951,64.68,65.05,63.88
03/11/2021,64.32,3651810,64.33,65.27,64.22
03/10/2021,64.09,4238456,62.62,64.46,62.37
03/09/2021,62.26,5823245,63.67,63.71,61.91
03/08/2021,63.44,4437617,63.17,64.2701,62.51
03/05/2021,62.91,3883764,62.12,63.04,60.75
03/04/2021,61.2,6050394,62.06,62.62,60.09
03/03/2021,62.25,5390315,62.5,63.39,62.01
03/02/2021,62.73,7316038,62.21,64.04,61.8
03/01/2021,61.54,4084252,61.15,62.27,60.57
02/26/2021,59.31,6399697,60.85,61.05,58.8
02/25/2021,61.35,3260272,62.48,62.837,61.125
02/24/2021,63.69,4668567,62,63.98,61.943
02/23/2021,62.12,4147279,62.94,62.97,61.51
02/22/2021,62.48,5672558,60.62,62.56,60.2
02/19/2021,60.39,4037102,57.75,60.53,57.75
02/18/2021,57.56,3112563,58.3,58.665,57.1
02/17/2021,58.54,3277821,58.58,58.91,57.61
02/16/2021,58.75,4072724,58.9,59.355,58.54
02/12/2021,58.15,1975051,57.56,58.27,57.445
02/11/2021,57.67,2326578,57.81,57.94,56.69
02/10/2021,57.67,3452996,57,58.38,56.48
02/09/2021,56.6,4209540,57.5,57.5153,56.37
02/08/2021,57.35,2543282,57.75,58.26,57.21
02/05/2021,57.24,3732511,56.74,57.83,56.44
02/04/2021,56.34,4312347,55.47,56.37,54.82
02/03/2021,55.35,3984229,54.31,55.395,54.039
02/02/2021,54.61,5229473,53.56,54.87,52.87
02/01/2021,52.75,4128319,52.39,52.84,51.33
01/29/2021,51.9,8895444,53.85,54.705,51.76
01/28/2021,54.38,5817027,54.14,54.85,53
01/27/2021,54.39,6283536,54.64,55.08,52.66
01/26/2021,55.74,3060282,57.89,58.25,55.7
01/25/2021,57.23,3682556,56.86,57.42,55.66
01/22/2021,57.5,2621785,56.99,57.785,56.87
01/21/2021,57.56,3442039,58.51,58.77,57.31
01/20/2021,58.57,3724400,57.87,58.63,57.23
01/19/2021,57.55,4919337,57.76,58.2,56.33
01/15/2021,57.31,6692942,58.62,58.82,57.13
01/14/2021,59.65,3578778,60.21,60.5,59.42
01/13/2021,60.03,3236261,60.75,61.31,59.66
01/12/2021,61.04,6235742,59.32,61.21,59
01/11/2021,58.86,3455867,57.7,58.95,57.25
01/08/2021,58.21,4063547,58.37,58.86,57.75
01/07/2021,58.51,4437561,59,59.77,58.105
01/06/2021,58.43,6208448,56.95,59.21,56.55
01/05/2021,55.8,3112791,54.14,56.17,54
01/04/2021,54.04,4853062,55.82,56.1214,53.65
12/31/2020,55.5,2663490,55.47,56.1,55.11
12/30/2020,55.47,3790040,54.35,55.66,54.3
12/29/2020,54.33,2221992,54.5,54.82,53.85
12/28/2020,54.29,3668192,55.27,55.77,54.18
12/24/2020,54.79,1074880,54.92,54.9681,54.335
12/23/2020,54.75,2251621,55.02,55.77,54.73
12/22/2020,54.67,2272556,55.01,55.27,54.44
12/21/2020,55.08,4458842,54.05,55.2,53.73
12/18/2020,55.66,11536680,55.11,55.75,54.24
12/17/2020,53.83,2222358,54.2,54.33,53.585
12/16/2020,53.83,1948873,54.03,54.1096,53.24
12/15/2020,54.13,2335474,53.85,54.15,53.15
12/14/2020,53.06,3121894,54.6,54.76,53.03
12/11/2020,54,2674780,54.29,54.45,53.57
12/10/2020,54.43,3401959,54.66,55.11,54.04
12/09/2020,54.66,3219097,54.94,55.7499,54.35
12/08/2020,54.55,3161546,52.9,54.67,52.8
12/07/2020,53.21,3602707,54.93,54.94,53.02
12/04/2020,55.05,3294474,53.81,55.1,53.8
12/03/2020,53.6,3213895,52.99,53.889,52.8
12/02/2020,53.2,3722954,53.32,53.565,52.69
12/01/2020,53.53,4328846,54.43,54.43,52.9
11/30/2020,53.01,8760639,54.89,55,52.8
11/27/2020,55.4,2847383,55.91,56.05,55.01
11/25/2020,56.43,4158453,57.45,57.45,56.165
11/24/2020,57.73,4442775,57,58.18,56.61
11/23/2020,55.94,4563309,55.28,56.29,55.28
11/20/2020,54.73,2871818,55.07,55.42,54.28
11/19/2020,55.34,3514002,54.91,55.49,53.92
11/18/2020,55.3,5903454,54.65,56.275,54.53
11/17/2020,54.48,4794952,53.16,54.56,52.83
11/16/2020,53.93,4075611,53.55,53.94,52.14
11/13/2020,51.97,3483195,50.27,52.13,50.2
11/12/2020,51.04,3468632,51.74,52.07,50.54
11/11/2020,52.21,4118487,53.5,53.605,52.02
11/10/2020,53.46,6148698,52.33,53.7,52.07
11/09/2020,52.12,9208254,51.59,54.18,51.54
11/06/2020,48.23,3061541,49.23,49.82,48.031
11/05/2020,48.97,4253017,46.9,49.45,46.88
11/04/2020,46.45,4542285,47.95,48.34,46.2522
11/03/2020,48.73,3293458,48.25,49.03,47.66
11/02/2020,47.82,3675799,46.25,48.06,45.88
10/30/2020,45.49,5166099,45.86,46.1899,44.73
10/29/2020,46.25,4300088,44.63,46.66,44.57
10/28/2020,45.18,6157072,44.94,45.7,44.33
10/27/2020,46.57,4141156,46.92,47.19,46.39
10/26/2020,47.15,4026350,47.94,48.14,46.8168
10/23/2020,48.53,3123429,49.52,49.9499,48.41
10/22/2020,48.82,5247621,49.81,50.16,47.15
10/21/2020,48.55,4092535,49.38,49.715,48.55
10/20/2020,49.34,2504534,49.35,50.15,49.21
10/19/2020,48.84,2903457,49.33,50.33,48.74
10/16/2020,49.3,2754650,49.37,49.995,49.13
10/15/2020,49.01,2793820,47.88,49.075,47.84
10/14/2020,48.83,5323887,47.84,48.9699,47.42
10/13/2020,47.88,6832232,48.48,48.98,47.8
10/12/2020,48.58,3005701,49.4,49.5,48.2622
10/09/2020,49.36,4473120,49.8,50.09,48.7
10/08/2020,49.38,2962044,48.62,49.41,48.4759
10/07/2020,48.3,4506471,48.45,49.06,48
10/06/2020,47.88,4474717,49.12,49.79,47.86
10/05/2020,48.58,3913406,47.9,48.8832,47.7
10/02/2020,47.31,4559039,45.37,47.47,45.13
10/01/2020,46.11,3407842,47.21,47.5,45.93
09/30/2020,47.05,4663564,47.19,48.12,46.6102
09/29/2020,46.57,2716855,47.23,47.78,46.26
09/28/2020,47.48,3993125,46.5,48.28,46.5
09/25/2020,46.04,4090217,45.77,46.4,45.63
09/24/2020,46.41,4648682,46.67,46.99,45.69
09/23/2020,46.74,4017963,47.68,48.12,46.47
09/22/2020,47.8,4181859,47.98,48.155,47.2
09/21/2020,47.91,6468795,49.04,49.33,47.18
09/18/2020,50.37,6271507,50.53,51.23,50.25
09/17/2020,50.97,5253719,49.37,51.25,48.85
09/16/2020,49.7,5864228,50.19,51.1,49.43
09/15/2020,51.07,4771657,50.61,51.5601,50.39
09/14/2020,50.09,5298909,50.07,50.51,49.695
09/11/2020,49.85,6225695,49.21,50.42,49.04
09/10/2020,48.7,4211309,49.3,49.75,48.66
09/09/2020,49.23,4168293,48.57,49.88,48.5
09/08/2020,47.93,4280766,47.69,48.415,47.435
09/04/2020,48.6,5326331,49.29,49.7,48.08
09/03/2020,48.39,6726911,49.28,49.8,47.92
09/02/2020,49.22,7305907,47.68,49.28,47.42
09/01/2020,47.27,5428599,44.79,47.28,44.47
08/31/2020,45.12,3916817,45.99,46.11,45.09
08/28/2020,46.05,3772941,45.41,46.21,44.97
08/27/2020,46.16,3702291,46.68,46.95,45.81
08/26/2020,46.34,3928691,45.68,46.66,45.28
08/25/2020,45.59,4188033,46.41,46.66,45.473
08/24/2020,46.12,4608978,44.3,46.15,44.02
08/21/2020,43.59,2511639,43.5,43.87,43.25
08/20/2020,43.69,3324045,44.02,44.14,43.53
08/19/2020,44.64,3453402,44.69,45.1,44.25
08/18/2020,44.71,2447199,44.41,45.03,44.31
08/17/2020,44.46,3257407,45.1,45.44,44.21
08/14/2020,44.87,1998413,43.95,45.14,43.83
08/13/2020,44.43,2767067,43.86,44.87,43.71
08/12/2020,44.28,2577510,45.22,45.38,43.93
08/11/2020,44.5,4373814,45.54,46.07,44.34
08/10/2020,44.8,4245910,42.81,44.89,42.81
08/07/2020,42.63,2913536,41.58,42.665,41.4444
08/06/2020,42.05,3724985,41.69,42.3167,41.0555
08/05/2020,41.99,3628782,41.9,42.48,41.75
08/04/2020,41.32,5408755,40.04,41.865,39.9
08/03/2020,40.09,5084560,41.22,41.24,40.08
07/31/2020,41.06,7463214,41.49,41.92,40.59
07/30/2020,41.73,4118685,42.66,42.83,41.34
07/29/2020,43.52,3187161,42.8,43.6359,42.74
07/28/2020,42.62,3395547,43.74,44.02,42.59
07/27/2020,44,4733801,42.81,44.48,42.43
07/24/2020,42.61,2999946,42.82,43.48,42.3
07/23/2020,42.82,6574291,43,43.2,41.88
07/22/2020,44.34,5792842,42.94,44.5,42.885
07/21/2020,43.04,3399981,42.5,43.43,42.45
07/20/2020,42.3,3580886,43.34,43.675,42.12
07/17/2020,43.67,4612391,44.07,44.15,42.96
07/16/2020,43.83,4259886,43.19,44.265,42.84
07/15/2020,43.33,3788340,43.65,44.1,42.555
07/14/2020,42.44,4350792,41.32,42.68,41.24
07/13/2020,41.24,3089031,41.1,41.84,40.5
07/10/2020,40.76,3007804,39.44,40.82,39.4227
07/09/2020,39.44,3671870,40.39,40.52,39.17
07/08/2020,40.35,4823859,41.49,41.78,39.635
07/07/2020,41.69,4536154,41.74,42.07,41.17
07/06/2020,42.45,4678989,42.63,42.78,41.56
07/02/2020,41.59,4017525,41.66,42.25,40.91
07/01/2020,40.75,4023867,40.75,41.3,40.33
06/30/2020,40.76,4835456,40.59,40.95,39.76
06/29/2020,40.98,7756715,40.36,41.195,40.19
06/26/2020,39.8,8333819,39.56,40,38.73
06/25/2020,39.98,5986878,38,40.03,37.68
06/24/2020,38.45,7707228,40.6,40.72,38.32
06/23/2020,41.35,3603853,42.48,42.48,41.33
06/22/2020,41.74,3316008,41.46,42.13,40.67
06/19/2020,41.65,7494413,42.63,43,41.47
06/18/2020,41.58,4106765,40.65,41.99,40.38
06/17/2020,41.17,3525111,42.7,42.796,41.03
06/16/2020,42.25,5595112,44.16,44.5,41.44
06/15/2020,41.98,5667288,39.48,42.45,39.29
06/12/2020,41.23,5034939,41.82,41.915,39.985
06/11/2020,39.26,9225121,41.225,42.04,38.95
06/10/2020,43.58,4267664,44.39,44.5,43.4
06/09/2020,44.41,5535396,44.47,44.82,43.9191
06/08/2020,45.9,5727335,44.08,45.93,44.08
06/05/2020,43.97,7656517,44.71,45.73,43.8365
06/04/2020,42.71,3901494,41.5,42.76,41.32
06/03/2020,41.63,5160633,41.49,42.3,41.46
06/02/2020,40.6,6083430,39.2,41.23,39.09
06/01/2020,38.61,3014417,38.61,39.01,38.18
05/29/2020,38.6,5254710,38.14,38.99,37.72
05/28/2020,38.71,5270538,39.57,39.69,38.35
05/27/2020,39.82,6895175,39.95,40.665,39.03
05/26/2020,38.79,6188630,38.36,38.95,37.92
05/22/2020,36.12,3040734,35.68,36.18,35.37
05/21/2020,35.82,3941763,36,36.76,35.66
05/20/2020,36.18,5656172,36.34,37,35.76
05/19/2020,35.64,4415537,36.63,36.68,35.58
05/18/2020,36.74,8546605,35.88,38.01,35.71
05/15/2020,33.56,4829410,33.21,33.98,32.8304
05/14/2020,33.51,6187891,31.19,33.55,30.9
05/13/2020,32.35,5865169,33.5,33.563,31.79
05/12/2020,33.79,5675435,34.25,35.41,33.75
05/11/2020,33.9,4320973,34.2,34.24,33.08
05/08/2020,34.33,4324506,33.78,34.37,33.37
05/07/2020,32.85,5058466,32.53,33.8,32.51
05/06/2020,31.96,4601512,32.71,33.375,31.88
05/05/2020,33.37,5041572,33.63,34.55,33.23
05/04/2020,33.06,6248349,32.1,33.14,31.76
05/01/2020,33.93,8709271,34.73,35.09,33.54
04/30/2020,36.69,10990220,37.27,37.35,36.05
04/29/2020,37.47,6887348,37,38.09,36.9
04/28/2020,35.87,5868593,35.48,36.19,34.71
04/27/2020,34.44,4885908,33.31,34.745,32.8099
04/24/2020,33.12,4979469,33.04,33.35,32.24
04/23/2020,32.56,7724714,32.1,33.33,32.01
04/22/2020,31.84,5338064,31.8,32.025,30.88
04/21/2020,30.88,7315130,30.4,31.16,29.62
04/20/2020,31.53,7140696,32.18,32.83,31.5
04/17/2020,33.42,6544068,33.04,34.06,32.6
04/16/2020,31.63,6918459,32.69,32.69,30.65
04/15/2020,32.23,7586720,33.85,33.85,31.8699
04/14/2020,35.37,7348798,36.37,37.14,35.09
04/13/2020,35.23,7170551,36.47,36.9,34.57
04/09/2020,36.56,9892280,35.75,37.74,35.54
04/08/2020,34.79,7220706,32.97,34.94,32.36
04/07/2020,32.33,15028010,32.76,35.07,31.81
04/06/2020,30.54,8021118,29.53,30.98,29.5
04/03/2020,27.97,8005127,27.78,28.57,27.42
04/02/2020,28.03,10680340,27.11,29.84,26.9252
04/01/2020,27.04,10339940,27.84,28.27,26.94
03/31/2020,29.24,7603278,28.55,30.08,28.45
03/30/2020,28.65,6817047,28.31,29.39,27.8101
03/27/2020,28.56,9101424,28,29.2618,26.92
03/26/2020,29.68,14302170,30.28,31.3,28.95
03/25/2020,30.38,10539250,29.18,32.425,28.6
03/24/2020,28.47,12333650,28.66,29.96,26.9
03/23/2020,26.58,11703120,27.14,28.43,26.01
03/20/2020,27.44,12649120,28.59,29.69,26.59
03/19/2020,28.12,13893430,26.28,31.35,25.93
03/18/2020,26.44,16955890,24.84,28.2899,24.51
03/17/2020,26.6,19873250,25.67,27.6,22.74
03/16/2020,22,12345390,23.1,25.43,21.95
03/13/2020,25.69,17350830,27.93,28.01,22.58
03/12/2020,23.67,18163270,25.45,26.39,22.39
03/11/2020,27.99,12459430,30.19,30.33,27.8501
03/10/2020,31.4,12975440,32.51,33.33,29.315
03/09/2020,30.53,15081530,34.75,34.94,30.43
03/06/2020,38.97,6928360,38.72,39.69,38.31
03/05/2020,40.1,5447386,40.03,40.63,39.66
03/04/2020,41.91,4967253,41.45,41.97,40.21
03/03/2020,40.56,6765291,41.35,42.7439,39.74
03/02/2020,41.42,7706652,41.05,41.42,39.78
02/28/2020,40.41,10281590,38.12,40.49,38.05
02/27/2020,39.55,10009270,41.33,41.46,39.5
02/26/2020,43.05,6472198,44.45,44.88,43.02
02/25/2020,43.95,5529265,46.5,46.535,43.58
02/24/2020,46.24,5075879,46.61,47.04,45.8
02/21/2020,48.3,3972853,48.58,48.77,48.08
02/20/2020,48.76,4154273,47.52,48.81,47.44
02/19/2020,47.56,5644897,47.82,48.29,47.41
02/18/2020,47.74,3594866,48.19,48.52,47.2289
02/14/2020,48.63,3206989,48.51,48.94,48.38
02/13/2020,48.3,3302628,48.9,48.99,48.02
02/12/2020,49.38,2964166,49.69,50.37,48.99
02/11/2020,48.79,3705361,48.54,50.01,48.5
02/10/2020,48.19,2488501,47.8,48.72,47.8
02/07/2020,48.03,3802288,48.54,48.54,47.45
02/06/2020,49.2,5985231,49.61,49.66,48.56
02/05/2020,49.61,5403247,48.88,49.74,48.52
02/04/2020,48.05,5287027,47.65,48.38,47.44
02/03/2020,46.74,6366290,46.31,46.97,45.73
01/31/2020,46.07,7532256,47.7,47.865,45.92
01/30/2020,48.47,5644923,48.31,48.98,47.66
01/29/2020,49.67,6828078,48.98,49.95,48.6
01/28/2020,47.16,5813835,47.4,47.72,47.02
01/27/2020,47.18,4827182,47.31,47.58,46.64
01/24/2020,48.49,5919607,49.88,50.27,48.04
01/23/2020,50.25,5797697,50.22,50.75,49.15
01/22/2020,50.87,5149562,52.73,52.8,50.6819
01/21/2020,52.6,4156004,52.98,53.15,52.2
01/17/2020,53.34,3897498,52.53,53.36,52.425
01/16/2020,52.48,3765886,52.58,52.87,52.17
01/15/2020,52.27,2235782,52.19,52.65,51.7
01/14/2020,52.24,3689824,52.19,52.97,51.95
01/13/2020,52.35,2665522,51.5,52.4,51.47
01/10/2020,51.5,3277354,52.86,52.87,51.4
01/09/2020,52.19,2668211,52.75,53.07,51.8101
01/08/2020,52.73,3629805,52.41,53.17,51.92
01/07/2020,52.19,5126211,52.29,53.0648,51.99
01/06/2020,52.21,4297095,52.32,52.88,52
01/03/2020,52.42,5004338,53.11,53.6,52.41
01/02/2020,53.75,5145916,55.23,55.54,53.64
12/31/2019,54.73,2145816,54.02,54.78,53.93
12/30/2019,54.34,1943757,54.86,55.05,54.24
12/27/2019,54.83,1688528,55.29,55.55,54.72
12/26/2019,55.22,1909555,54.98,55.23,54.52
12/24/2019,54.9,926169,55,55.25,54.65
12/23/2019,54.93,2679650,54.49,55.05,54.22
12/20/2019,54.61,10476680,55.05,55.25,54.02
12/19/2019,54.52,3358448,54.43,54.87,54.06
12/18/2019,54.25,3659050,54.36,54.69,53.54
12/17/2019,54.66,2665310,54.1,54.74,53.93
12/16/2019,54.17,4039980,53.61,54.54,53.51
12/13/2019,53.28,3198875,54.64,54.82,53.25
12/12/2019,54.45,2882839,53.25,54.58,52.82
12/11/2019,53.1,3253354,53.5,54.07,53.05
12/10/2019,53.13,2609676,53.36,53.39,52.69
12/09/2019,53.27,2390252,53.96,53.98,52.99
12/06/2019,53.22,2852859,52.59,53.75,52.59
12/05/2019,52,2692693,52.53,52.65,51.68
12/04/2019,52.28,3791442,53.49,53.49,52.21
12/03/2019,51.82,3990311,51.96,52.01,51.05
12/02/2019,53.16,3364773,53,53.75,52.89
11/29/2019,53.37,1887577,54.01,54.28,53.12
11/27/2019,54.28,3926099,54.68,54.9,53.9
11/26/2019,55.37,4681127,55.2,55.75,54.82
11/25/2019,55.2,5100517,54.82,55.23,54.36
11/22/2019,54.2,3119237,53.98,54.66,53.6
11/21/2019,53.88,4621468,52.71,53.92,52.35
11/20/2019,52.67,5397019,53.14,53.45,52.1
11/19/2019,53.39,5230290,54.81,54.81,52.79
11/18/2019,54.32,3445289,54.75,54.91,54.12
11/15/2019,54.86,3869714,54.27,55.29,54.14
11/14/2019,53.95,2601055,53.3,54.14,53.15
11/13/2019,53.66,3451109,54.19,54.48,53.46
11/12/2019,55.16,2742739,56,56.11,54.53
11/11/2019,55.81,3199377,55.55,56.25,55.22
11/08/2019,55.99,4830964,55.5,55.99,55.02
11/07/2019,55.8,6686466,54.94,55.94,54.42
11/06/2019,54.28,3864950,54.16,54.74,53.81
11/05/2019,54.2,6079448,54.01,55,53.65
11/04/2019,54.17,5439516,52.65,54.41,52.46
11/01/2019,52.31,3241478,50.98,52.49,50.9
10/31/2019,50.49,3793969,50.88,51.03,49.71
10/30/2019,51.03,3605620,51.2,51.47,50.33
10/29/2019,51.49,3471444,50.96,51.6299,50.37
10/28/2019,51.21,4545977,50.75,51.44,50.43
10/25/2019,50.48,5408419,49.78,50.76,48.9
10/24/2019,49.47,6119276,48.65,49.99,47.84
10/23/2019,47.23,4291653,46.78,47.51,46.55
10/22/2019,46.82,4940254,47.08,47.3843,46.02
10/21/2019,47.12,3999364,48.59,48.97,47.09
10/18/2019,47.96,3013731,47.91,48.1908,47.36
10/17/2019,47.81,2726017,47.44,48.54,47.14
10/16/2019,47.12,3630954,47.49,47.92,47.01
10/15/2019,47.2,3352309,46.82,48.1,46.53
10/14/2019,46.82,3250767,46.72,47.27,46.2396
10/11/2019,47.13,3699395,45.75,47.72,45.503
10/10/2019,44.92,4494329,44.33,45.29,44.02
10/09/2019,44.01,2849483,44.39,44.54,44
10/08/2019,43.85,2999823,44.75,45.05,43.83
10/07/2019,45.17,2984476,45.08,45.77,44.765
10/04/2019,45.34,3589401,45.18,45.7803,45.01
10/03/2019,45.31,3482650,44.85,45.39,44.37
10/02/2019,44.93,4836305,44.67,45.17,44.36
10/01/2019,45.97,3844589,47.94,48.57,45.9
09/30/2019,47.65,2568316,47.26,47.79,47.11
09/27/2019,47.07,3725668,47.4,47.8799,47.01
09/26/2019,47.23,2998602,47.51,47.69,46.9343
09/25/2019,47.68,4416000,46.55,47.97,46.13
09/24/2019,46.6,4524939,47.78,48,45.95
09/23/2019,47.91,3606911,47.39,48.215,47.12
09/20/2019,48.21,10589640,47.47,48.85,47.07
09/19/2019,47.64,2536357,48.12,48.41,47.49
09/18/2019,47.51,2592587,47.9,47.9,47.02
09/17/2019,48,4921708,48.67,49.09,47.61
09/16/2019,49.01,5040553,48.69,49.98,48.28
09/13/2019,48.2,4027567,47.64,48.44,47.25
09/12/2019,46.97,3649704,47.07,47.19,45.57
09/11/2019,46.88,4445017,46.52,47.05,45.58
09/10/2019,46.32,4704049,45.1,46.37,44.78
09/09/2019,44.45,3848017,43.53,44.6273,43.26
09/06/2019,43.24,3217914,43.54,43.66,42.66
09/05/2019,43.36,4044431,43.15,43.97,43.09
09/04/2019,42.54,2668512,42.59,42.79,41.85
09/03/2019,41.8,3360303,42.14,42.23,41.15
08/30/2019,42.63,4105361,42.83,43,42.27
08/29/2019,42.37,3296607,42.33,43,42.21
08/28/2019,42.52,4641840,41.15,42.64,40.76
08/27/2019,41.17,4153371,41.19,41.73,40.919
08/26/2019,40.82,3404507,41.27,41.35,40.61
08/23/2019,40.71,6718214,42,42.02,40.44
08/22/2019,42.05,6074608,43.32,43.9,42.02
08/21/2019,43.28,4398365,43.85,44.2398,43.24
08/20/2019,43.16,5973272,45.25,45.25,43.07
08/19/2019,45.6,3615483,45.36,45.8634,45.15
08/16/2019,44.51,4586010,43.29,44.81,42.77
08/15/2019,43.38,3494579,44.34,44.37,42.96
08/14/2019,44.08,6178272,45.8,46.15,44
08/13/2019,46.85,5415836,45.78,47.76,45.58
08/12/2019,45.69,4491578,46.39,46.8,45.52
08/09/2019,46.64,4472721,46.42,46.99,46.1
08/08/2019,46.79,4573351,45.197,46.82,45.19
08/07/2019,44.89,4490080,44.1,45,43.91
08/06/2019,44.43,4702804,45.11,45.45,43.735
08/05/2019,44.77,5147308,45.06,45.13,44.07
08/02/2019,45.6,5346434,46.69,47.5,45.37
08/01/2019,46.85,5803209,48.15,48.6,46.78
07/31/2019,48.44,5188502,48.49,49.43,47.95
07/30/2019,48.4,4194314,47.78,48.44,47.78
07/29/2019,48.05,4219839,48.52,48.88,47.98
07/26/2019,49.11,5066020,50.27,50.3,48.92
07/25/2019,50.77,4254577,51.64,51.99,50.3
07/24/2019,52.79,3516493,52.5,52.99,52.04
07/23/2019,52.62,4387686,51,52.9,50.95
07/22/2019,50.88,2815169,51.504,51.57,50.6
07/19/2019,51.52,3221517,51.77,51.83,51.5
07/18/2019,51.75,3662569,51.55,52.05,51.28
07/17/2019,51.6,4417567,52.16,52.3,51.23
07/16/2019,52.32,6011246,50.95,52.6446,50.95
07/15/2019,50.93,4923844,49.77,50.95,49.66
07/12/2019,49.71,4328444,48.46,50.04,48.08
07/11/2019,47.78,4202113,47.73,48.06,47.18
07/10/2019,47.55,3507432,48.34,48.42,47.52
07/09/2019,47.87,4967429,48.3,48.43,47.5
07/08/2019,48.52,5936049,49.34,49.5,48.385
07/05/2019,49.31,2529919,49.01,49.37,48.96
07/03/2019,49.33,2479359,49.46,49.65,49.2
07/02/2019,49.4,4726195,50,50.06,48.76
07/01/2019,50.16,4659633,50,50.2,49.52
06/28/2019,49.31,6507386,51.04,51.2,49.08
06/27/2019,50.91,4097246,50.61,51.14,50.5307
06/26/2019,50.45,5244396,49.85,51.22,49.81
06/25/2019,49.69,4005218,49.49,50.2228,49.05
06/24/2019,49.58,4602352,48.51,49.7,48.32
06/21/2019,48.36,9478466,48.82,49.27,48.31
06/20/2019,48.93,4228328,49.095,49.59,48.62
06/19/2019,48.5,5404141,49.95,50.24,48.33
06/18/2019,49.61,5014237,49.75,50.57,49.4
06/17/2019,49.35,5787336,50.06,50.33,49.05
06/14/2019,51.15,3919484,52.63,52.69,51
06/13/2019,52.88,4179766,52.68,52.95,52.04
06/12/2019,52.49,3103878,52.06,52.64,51.68
06/11/2019,52.04,5144357,52,52.17,51.56
06/10/2019,51.62,5434387,51.72,52.1,51.58
06/07/2019,51.3,5391099,51.13,51.69,50.87
06/06/2019,51.06,6228075,50.28,51.31,50.15
06/05/2019,50.34,6413509,50.49,50.57,49.0496
06/04/2019,49.93,7043092,48.68,49.93,48.64
06/03/2019,47.96,5905198,46.85,47.96,46.85
05/31/2019,46.76,3396850,47.96,48,46.75
05/30/2019,48.47,3777607,48.12,48.59,48.02
05/29/2019,48.71,3525856,48.2,49.43,48.01
05/28/2019,48.56,6613184,49.37,49.43,48.1
05/24/2019,49.2,2918936,49.39,49.575,48.44
05/23/2019,48.71,4919173,49.5,49.86,48.21
05/22/2019,50.21,3019120,50.46,50.61,49.965
05/21/2019,50.63,4968460,50.28,51.19,50.02
05/20/2019,50.08,5168422,50.4,50.54,49.92
05/17/2019,50.8,4440775,52.34,52.52,50.66
05/16/2019,52.98,3689745,53.29,53.55,52.73
05/15/2019,52.95,2928861,51.98,53.325,51.67
05/14/2019,52.48,4204519,51.33,53,50.84
05/13/2019,50.95,4213102,52.28,52.55,50.76
05/10/2019,53.07,4758371,52.94,53.7141,52.49
05/09/2019,52.93,4579758,52.26,53.14,51.55
05/08/2019,52.48,5390685,53.33,53.395,52.31
05/07/2019,52.95,7330785,52.86,53.325,52.65
05/06/2019,53.46,6089501,52.15,54.03,51.7
05/03/2019,53.3,7401851,53.2,53.35,51.72
05/02/2019,52.7,13932680,55.54,56.49,52.03
05/01/2019,56.13,7644453,56.82,57.48,55.88
04/30/2019,56.73,6452765,55.76,57.205,55.6
04/29/2019,55.5,5903389,55.05,55.685,54.8
04/26/2019,55.25,4009795,55.3,55.6,54.95
04/25/2019,55.33,6259077,55.76,55.98,54.82
04/24/2019,55.98,5424749,57.49,57.89,55.865
04/23/2019,57.64,5687183,57.29,57.84,57
04/22/2019,57.89,4401749,57.48,58.41,57.26
04/18/2019,57.77,5178805,58.36,58.61,57.55
04/17/2019,58.32,6419528,58.95,59.05,58.2
04/16/2019,58.5,6679096,58.71,58.99,57.84
04/15/2019,57.78,5726715,58.57,58.85,57.29
04/12/2019,58.3,9239827,55.93,58.33,55.93
04/11/2019,54.89,7344988,55.7,56.21,54.83
04/10/2019,55.71,9080930,55.99,56.41,55.1
04/09/2019,56.27,9179130,56.8,57.2,56.08
04/08/2019,57.15,10764570,56.5,58.39,56.27
04/05/2019,57.24,17000260,58.39,58.98,56.27
04/04/2019,59.71,13308880,57.2,60.52,57.1
04/03/2019,56.88,14866170,57.08,57.2,55.51
04/02/2019,56.25,17179050,55.12,57.39,54.3
04/01/2019,53.5,19630460,52.3,54.39,51.25
03/29/2019,51.63,1769027,49.52,52.48,49.18
03/28/2019,50.85,585438,50.9,51,49.915
03/27/2019,50.1,1788588,49,50.78,49
03/26/2019,48.85,504734,49,49.75,48.18
03/25/2019,49.15,440892,48.6,49.4,48
03/22/2019,48.6,844690,48.8,49.95,48.16
03/21/2019,48.98,1764671,49.99,50,48.2
03/20/2019,49.8,2350838,52.75,53.5,49.5
